[

  {
    "Id": "C:\\DemoPDM\\ASM004\\105087.sldasm",
    "Quantity": 1,
    "Description": "WATER TANK ASSEMBLY"
  },

  {
    "Id": "C:\\DemoPDM\\ASM004\\105089.sldprt",
    "Quantity": 1,
    "Description": "CONTAINER ASSEMBLY"
  },

  {
    "Id": "C:\\DemoPDM\\ASM004\\105089.sldprt",
    "Quantity": 1,
    "Description": "CONTAINER LID"
  },

  {
    "Id": "C:\\DemoPDM\\ASM004\\105089.sldprt",
    "Quantity": 1,
    "Description": "RESERVOIR"
  },

  {
    "Id": "C:\\DemoPDM\\ASM004\\105089.sldprt",
    "Quantity": 1,
    "Description": "VERTICAL STAND ASSEMBLY"
  },

  {
    "Id": "C:\\DemoPDM\\ASM004\\105089.sldprt",
    "Quantity": 3,
    "Description": "CORNER JOINT ASSEMBLY"
  },

  {
    "Id": "C:\\DemoPDM\\ASM004\\105089.sldprt",
    "Quantity": 8,
    "Description": "CORNER JOINT ASSEMBLY"
  },

  {
    "Id": "C:\\DemoPDM\\ASM004\\105089.sldprt",
    "Quantity": 6,
    "Description": "CONNECTION FLANGE"
  }


]