[

  {
    "Id": "105087",
    "Quantity": 1,
    "Description": "WATER TANK ASSEMBLY"
  },

  {
    "Id": "105088",
    "Quantity": 1,
    "Description": "CONTAINER ASSEMBLY"
  },

  {
    "Id": "105089",
    "Quantity": 1,
    "Description": "CONTAINER LID"
  },

  {
    "Id": "105090",
    "Quantity": 1,
    "Description": "RESERVOIR"
  },

  {
    "Id": "105091",
    "Quantity": 1,
    "Description": "VERTICAL STAND ASSEMBLY"
  },

  {
    "Id": "105092",
    "Quantity": 3,
    "Description": "CORNER JOINT ASSEMBLY"
  },

  {
    "Id": "105094",
    "Quantity": 8,
    "Description": "CORNER JOINT ASSEMBLY"
  },

  {
    "Id": "105096",
    "Quantity": 6,
    "Description": "CONNECTION FLANGE"
  }


]